id,slovak_name,english_name,latitude,longitude,venue,description_slovak,description_english,link
amur,Amur biely,Grass Carp,49.144518,20.979643,Štrkoviská Rožkovany,"Amur je rod rýb z čeľade kaprovité. Telo je podlhovasté, valcovitého tvaru. Hlavne mladšie jedince sú veľmi podobné jalcom. Hlava má široké a dlhé ploché čelo, veľmi nízko posadené oči. Chrbát je tmavozelený, boky zlatavé, brucho biele. Vo svojej domovine môže dosiahnuť dĺžky až 150 cm a hmotnosti 50 kg. V slovenských podmienkach je to však menej. Najväčší jedinci v našich vodách dorastajú dĺžky okolo 100 cm a hmotnosti 10 - 15 kg. Dožíva sa veku až 15 - 20 rokov.
","Grass Carp is a large member of the minnow family with a body which is moderately compressed laterally. Its mouth is terminally located on a wide head and eyes are small and low on the head. It lacks barbels. It is olive-brown on the dorsal side, with silver sides and a white belly. Scales are large with dark edging. The dorsal fin origin is anterior to the pelvic fin origin and it has a short caudal peduncle. It differs from goldfish (Carassius auratus) and common carp (Cyprinus carpio) in having a shorter dorsal fin (only 7-8 rays) and from Hypophthalmichthys species (Bighead and Silver carps) in having fewer anal rays (9 or fewer) and fewer but larger lateral scales.",https://www.youtube.com/watch?v=1DfZpnEFHKY
belicka,Belička európska,Common Bleak,49.099057,21.098195,Torysa č.3 - Sabinov,"Belička (Alburnus alburnus) patrí medzi kaprovité ryby. Má dlhé štíhle telo, z bokov sploštené. Hlava je malá, s výrazným okom, ústa môžu mať terminálne až vrchné postavenie. Šupiny sú menšie, ľahko opadavé. Análna plutva je dlhšia a dlhé sú aj prsné plutvy. Boky sú výrazne striebristé, chrbát je tmavší, plutvy sú sivé, no môžu byť aj mierne žltkasté.","The Bleak (Alburnus alburnus), is a small fish that resembles a Silver bream and Sardine. In Sweden, its roe is used as a kind of caviar. They are lively in the summer time and dash here and there in pursuit of Insects or Crustaceans. Bleak swim in huge shoals, usually in the surface and sub-surface layers and live in clean, slow moving rivers and streams. They form the staple diet of many freshwater predators.",https://www.youtube.com/watch?v=UDGfedjS0TM
bolen,Boleň dravý,Asp,49.279074,20.863672,Poprad č.2 - Orlov,"Boleň dravý je jeden z tunajších pôvodných druhov. Vyskytuje sa vo väčšej časti Európy. Jeho bežná dĺžka je okolo 40- 70 cm, no môže dorásť až do vyše jedného metra a hmotnosti okolo 10 kg. Jeho rast veľmi ovplyvňuje životné prostredie, obzvlášť množstvo potravy. V optimálnych podmienkach má 3 ročný boleň dravý okolo 40 centimetrov. Boleň sa priemerne dožíva cca 11 rokov, no môže žiť i viac než 15. Charakteristickým znakom bolenieho útoku a zároveň indikátorom jeho výskytu je hlučný šplechot na hladine. Takto sa predvádza keď je na love. Boleň dravý je pomerne rozšírený, a teda ho nájdeme na početných stojatých vodách i tokoch (samozrejme nie rýchlo prúdiace rieky, či horské potoky). V nádržiach sa zdržiava na voľnej vode (no loví spravidla v plytčinách), v tokoch hľadá útočisko skôr v zátokách so slabým prúdom. Svoje stanoviská mení i v závislosti na ročnom období, v zime sa sťahuje do hlbších vôd, kde prezimuje. Boleň je to jeden z druhov, ktoré si potrpia na čistotu vody. Mladšie jedince radi tvoria húfy, veľké kusy žijú samotársky.","The asp (Leuciscus aspius) is a European freshwater fish of the Cyprinid family. It is sometimes considered one of two members of the genus Aspius by some taxonomic authorities. It is protected under Appendix III of the Bern Convention and listed as least concern on the IUCN Red List. Normally, asps are between 10 and 80 cm in length, with some reaching 120 cm, and weighing up to 12 kg. They inhabit lakes and lower reaches of rivers and estuaries. In spring, in April–June, asps migrate from lakes to streams for spawning. Spawning is triggered by the rise in temperature and usually starts at 6 °C. The eggs attach to rocks, gravel, and water plants. After around two weeks, they hatch and the fry drift downstream to calmer waters.",https://www.youtube.com/watch?v=LzKRRYW5kd0
cervenica,Červenica ostrobruchá,Rudd,49.076250,21.111170,Štrkovisko Orkucany,"Červenica je typickou rybou zarastených rybníkov, tôní a odstavených riečnych ramien. Vyskytuje sa i v tečúcich vodách a plytkých údolných nádržiach. V niektorých menších tôňach sa môže stať dominantnou zložkou rybej osádky, ale na väčšine vôd je rozšírená menej než iné príbuzné druhy - napríklad plotica. Červenica je plotici v mnohom podobná. Dosahuje o niečo menších rozmerov, má vyššie ploché telo s typickým ostrým kýlom pred análnou plutvou, horné postavenie úst a predovšetkým žiarivo červené sfarbenie chvostovej, análnej a brušných plutiev. Farba šupín je na bokoch striebristá s výrazným perleťovým leskom a nádychom žltej a modrej farby, chrbát je zeleno sivý. Je druh s obľubou vytvárajúci húfy, ktoré sa voľne pohybujú vodným stĺpcom a často i v blízkosti hladiny. Potrava červenice je do istej miery unikátna, pretože zahrnuje možno najväčší podiel rastlinnej zložky zo všetkých našich pôvodných druhov rýb. Jedná sa o rôzne jemnolisté vodné rastliny a riasy.","Rudd, (Scardinius erythrophthalmus), stout-bodied freshwater sport fish of the carp family, Cyprinidae, similar to the related roach, but more golden, with yellow-orange eyes, deep red fins, and a sharp-edged belly. The rudd is widely distributed in Europe and Asia Minor and has been introduced into the United States, where it is called American, or pearl, roach. It is a schooling fish that frequents thickly planted, reedy lakes and slow rivers and eats plants, small animals, and insects. Maximum length and weight are about 35–40 centimetres (14–16 inches) and 1–2 kilograms (2–4 1/2 pounds).",https://www.youtube.com/watch?v=je4JW9AybUw
hlavatka,Hlavatka podunajská,Danube salmon,49.279074,20.863672,Poprad č.2 - Orlov,"Hlavátka podunajská je označovaná za kráľovnú našich vôd a to právom. Je jedným z najväčších sladkovodných dravcov a z hľadiska športového rybolovu je extrémne vysoko cenená. Čo sa týka jej geografického rozšírenia, ako jej geograficky neďalekú pravlasť označujeme stredné a horné povodie Dunaja, no tam sa už nevyskytuje. Bola vyhubená. V súčasnosti sa  hlavátka podunajská vyskytuje v Poľsku, na Balkáne v alpských krajinách i na Slovensku. Za hlavátkou prichádzajú ročne na naše územie desiatku cudzincov. „Hlavátkovým rajom"" kam za jej lovom vyrážajú vášniví rybári je však najmä Rusko a Mongolsko. Dorastá do rozmerov o dĺžke 1,3 m a hmotnosti 20 - 25 kg, vzácne do 1,8 m a 60 kg. Asi najväčšia slovenská hlavátka podunajská bola nájdená na rieke Hron po otrave v roku 1949- vážila 46 kg. Exempláre väčšie než 1 m sa môžu vyskytovať (a vyskytujú sa) aj na pomerne malých vodách, pre hlavátku je tam hlavným kritériom dostatok potravy a čistota vody. (Jednou z takýchto lokalít je napr. Turiec). Hlavátky rastú rýchlo a dožívajú sa aj 30 rokov.","The huchen is endemic to the Danube basin in Europe where the remaining population is threatened primarily by habitat fragmentation and loss through river impoundment and disruption of the longitudinal continuity of rivers, cutting away fish from its spawning grounds. Additionally, overfishing and fisheries mismanagement is still a problem in many areas, especially in the Balkans.",https://www.youtube.com/watch?v=MrU4KHpswKk
hruz,Hrúz škvrnitý,Gudgeon,49.017093,21.233473,Torysa č.2 - Prešov,"Hrúz je krátkoveká pomaly rastúca ryba len zriedkavo prekračujúca 6 rokov života a dĺžku 18 cm. S rastúcim vekom klesá v populácii podiel samcov, takže môžme predpokladať, že podobne ako u mreny sú najstaršie kusy samice. Napriek tomu, že v literatúre sa nikdy nestretneme s údajmi o hrúzoch nad 20 cm, sú také ryby nesmierne vzácne, ale i tak opakovane lovené a je pravdepodobné, že hrúz môže v extrémnych prípadoch prekročiť hranicu 25 cm. Úlovok takého jedinca má z vedeckého hľadiska väčšiu hodnotu než ulovenie dvojmetrového sumca, ale bohužiaľ sa evidenciou podobných exemplárov nikto nezaoberá.","Gudgeon is the common name for a number of small freshwater fish of the families Butidae, Cyprinidae, Eleotridae or Ptereleotridae. Most gudgeons are elongate, bottom-dwelling fish, many of which live in rapids and other fast moving water.",https://www.youtube.com/watch?v=gCQJa_b_cCU
jalec_h,Jalec hlavatý,Chub,49.099057,21.098195,Torysa č.3 - Sabinov,"Jalec hlavatý je pôvodná a typická ryba našich riek, kde sa vyskytuje v prúdoch i v pokojnej vode nad hatiami. Postáva rád v okolí brehov, najmä pod previsnutými vetvami, ukrýva sa i na dne prúdov v ryhách a priehlbinách dna. Väčší jedinci sa zdržujú v tieni hlbších tôní, na členitých miestach plných úkrytov. V lete vyťahujú i do prudkých prúdov a pod hate. Sú spoločenský a tvoria rôzne početné húfy, ktoré sa zmenšujú s tým, ako rastie veľkosť ich členov. Najväčšie kusy trávia väčšinu roku ako samotári.","It is a stocky fish with a large rounded head. Its body is long and cylindrical in shape and is covered in large greenish-brown scales which are edged with narrow bands of black across the back, paling to golden on the flanks and even paler on the belly. The tail is dark brown or black, the dorsal fin is a greyish-green in colour and all the other fins being are orange-red. The dorsal fin has 3 spines and 7-9 soft rays while the anal fin has 3 spines and 7-10 rays. The vertebrae count is 42-48. It can grow to 60 cm standard length but most fish are around 30 cm.",https://www.youtube.com/watch?v=K8SJPmeN4V8
jalec_m,Jalec maloústy,Common Dace,49.017093,21.233473,Torysa č.2 - Prešov,"Jalec maloústy je pravdupovediac jedna z najobyčajnejších rýb v našich vodách, ničím „nevybočuje z radu"" a dejinne je aj pomerne málo skúmaný. Jalec nie je vyhľadávaným rybárskym cieľom, no uloviť pekného jalca iste poteší každého rybára, obzvlášť muškárov, pre ktorých je veľmi zdatný protivník. Jedná sa o pôvodný druh, ktorý je rozšírený takmer po celej Európe. Spomendzi všetkých druhov jalcov, ktoré sa vyskytujú na našom území je jalec maloústy najmenší a najštíhlejší. Bežne ulovené jalce majú medzi 15- 25 cm, kapitálne úlovky majú dĺžku vyše 35 cm a hmotnosť temer 1 kg. Rast je pomalý u oboch pohlaví jalca, no samička sa dožíva o čosi dlhšie. Celková priemerná dĺžka života je okolo 10 rokov.",The common dace (Leuciscus leuciscus) is a species of freshwater and brackish water ray-finned fish from the family Cyprinidae which is native to Europe but which has been introduced to other parts of the world. It is a quarry species for coarse anglers.,https://www.youtube.com/watch?v=Y-ojpWPRyis
kapor,Kapor rybničný,Common Carp,49.144518,20.979643,Štrkoviská Rožkovany,"Kapor, tak ako mnoho iných tunajších rýb pochádza pôvodne z Ázie. Za jeho pravlasť sa pokladá oblasť Číny, Vietnamu, Čierneho a Kaspického mora. Od 13. Storočia sa začal rozširovať do Európy a dnes je ho možné nájsť takmer po celom svete. Kapor je v Austrálii je dokonca považovaný za plevelnú rybu. Dorastá do značných rozmerov, kapitálne úlovky majú okolo 30 kg. Jeho rast závisí samozrejme od množstva potravy a taktiež aj od teploty vody. V teplejších vodách kapor rastie aj dvakrát rýchlejšie. Zvyčajne sa dožíva okolo 20 rokov, výnimočne aj vyše 40.","The common carp or European carp (Cyprinus carpio) is a widespread freshwater fish of eutrophic waters in lakes and large rivers in Europe and Asia. The native wild populations are considered vulnerable to extinction by the International Union for Conservation of Nature (IUCN), but the species has also been domesticated and introduced (see aquaculture) into environments worldwide, and is often considered a destructive invasive species, being included in the list of the world's 100 worst invasive species. It gives its name to the carp family, Cyprinidae.",https://www.youtube.com/watch?v=-OZ61rYG0P8
karas,Karas striebristý,Crucian Carp,49.144518,20.979643,Štrkoviská Rožkovany,"Úplne na úvod článku o karasovi striebristom sa musíme zmieniť aj o karasovi obyčajnom ( zlatistom), aby nedošlo k zbytočným nedorozumeniam a koniec koncov je to celkom zaujímavé. Dnes ak sa povie karas, všetci zrejme máme na mysli karasa striebristého, no tento trend trvá iba posledných pár desaťročí. Na počiatku 70tych rokov bol u nás ešte pomerne zriedkavý, no koniec 70tych rokov veľmi dobre vystihuje výrok doc. Ivana Sedlára, že sa jedná o mimoriadne agresívnu rybu, ktorá sa premnožila vo všetkých povodiach od Uhu až po Moravu. Pôvod karasa striebristého nie je jasný, zrejme pochádza z ďalekého východu a u nás bol zaznamenaný od r. 1962 na Dunaji. Karas obyčajný je rybou pôvodnou, ktorej stavy sa príchodom jeho „bratranca"" výrazne redukovali resp. stále sa redukujú. Je to kvôli prispôsobivosti a spôsobu množenia karasa striebristého (viac info v ďalšom texte). Takto nevytláča len karasa obyčajného ale v podstate všetky kaprovité ryby.","The crucian carp (Carassius carassius) is a medium-sized member of the common carp family Cyprinidae. It occurs widely in northern European regions. The crucian carp is a widely distributed European species, its range spanning from England to Russia; it is found as far north as the Arctic Circle in the Scandinavian countries, and as far south as central France and the region of the Black Sea. Its habitat includes lakes, ponds, and slow-moving rivers. It has been established that the fish is native to England and not introduced.",https://www.youtube.com/watch?v=gQjew8EQYIE
lien,Lieň sliznatý,Tench,49.144518,20.979643,Štrkoviská Rožkovany,"Lieň sliznatý je síce nepôvodný druh v našich vodách, no napriek tomu je u nás rybou široko rozšírenou. Je to kvôli jeho prispôsobivosti a nenáročnosti. Zvyčajne dorastá do dĺžky okolo 50 cm a hmotnosti okolo 3 kg. Výnimočne môžeme uloviť aj liene väčšie než 60 cm. O lieňoch je známe, že rastú veľmi pomaly a to aj v prostredí bohatom na potravu. Lieň sliznatý je nenáročný na obsah kyslíka vo vode. S obľubou vyhľadáva úseky so slabým tokom, bahnitým dnom a preferuje plytké vody. Cíti sa v bezpečí medzi hustým porastom, tým pádom sa stáva často obeťou útoku šťuky. No má proti nej účinnú zbraň a tou je jeho nenápadnosť a spôsob života, kedy mnoho času trávi zahrabaný v bahne. Lieň vtedy upadá do akejsi letargie, takto trávi letné horúčavy a prežíva zimu.","The tench or doctor fish (Tinca tinca) is a fresh- and brackish-water fish of the order Cypriniformes found throughout Eurasia from Western Europe including the British Isles east into Asia as far as the Ob and Yenisei Rivers. It is also found in Lake Baikal. It normally inhabits slow-moving freshwater habitats, particularly lakes and lowland rivers.",https://www.youtube.com/watch?v=dlmb6yMuUiU
lipen,Lipeň tymiánový,Grayling,49.279074,20.863672,Poprad č.2 - Orlov,"Lipeň tymiánový zrejme patrí medzi pôvodné druhy na našom území, je rozšírený pomerne rozsiahle, i keď dosť nepravidelne. Nájdeme ho najmä v strednej, západnej a východnej Európe. Na juhu Európy sa Lipeň nevyskytuje. Zaujímavé je, že v Škandinávii a v Rusku sa nachádza aj v jazerách, neresí sa však len v riekach. Lipeň tymiánový dosahuje veľkosť zvyčajne najviac 50 cm a hmotnosť 1- 1,5 kg.","Thymallus thymallus, the grayling or European grayling, is a species of freshwater fish in the salmon family Salmonidae. It is the only species of the genus Thymallus (the graylings) native to Europe, where it is widespread from the United Kingdom and France to the Ural Mountains in Russia, but does not occur in the southern parts of the continent. It was introduced to Morocco in 1948, but it does not appear to have become established there.",https://www.youtube.com/watch?v=qpcUTFXg9iY
mien,Mieň sladkovodný,Burbot,48.884295,21.005375,VN Ružín,"Mieň sladkovodný je u nás nie príliš známym druhom, no beztak je rybou veľmi zaujímavou a podstatne odlišnou od ostatných tunajších rýb. Uvádzame preto o čosi dlhší článok a zároveň Vám prajeme príjemné čítanie. Mieň sladkovodný je ryba široko rozšírená takmer po celom svete. Najlepšie sa mu darí v miernom pásme severnej pologule a smerom na juh jeho početnosť klesá.","The burbot (Lota lota) is the only gadiform (cod-like) freshwater fish. It is also known as bubbot, mariah, freshwater cod, freshwater ling, freshwater cusk, the lawyer, coney-fish, lingcod, and eelpout. The species is closely related to the marine common ling and the cusk. It is the only member of the genus Lota. For some time of the year, the burbot lives under ice, and it requires frigid temperatures to breed.",https://www.youtube.com/watch?v=QFoq3BWHR18
mrena,Mrena severná,Barbel,49.099057,21.098195,Torysa č.3 - Sabinov,"Mrena severná sa vyskytuje na väčšine európskeho územia, pomerne rozšírená je aj v rámci Slovenska. Na našom území sú bežné úlovky mreny od 25- 50 cm, rekordné exempláre majú 70, zriedka i 80 cm. Najväčšie úlovky dosahujú dĺžky vyše 1 metra a hmotnosť okolo 10 kg ( v mimulosti boli takéto mreny severné ulovené aj u nás). Rast mreny je pomalý. Samce rastú pomalšie a dožívajú sa aj výrazne kratšieho veku, mreny cez 50 cm sú už výhradne ikernačky.","Barbels are group of small carp-like freshwater fish, almost all of the genus Barbus. They are usually found in gravel and rocky-bottomed slow-flowing waters with high dissolved oxygen content. A typical adult barbel will range from 25 to 100 cm in length and weigh anywhere between 200 g and 10 kg, although weights of 200 g are more common. Babies weigh 100–150 g.",https://www.youtube.com/watch?v=dJ9XTHaz92k
nosal,Nosáľ sťahovaný,Vimba Bream,49.279074,20.863672,Poprad č.2 - Orlov,"Nosáľ sťahovavý je v našich vodách rybou v podstate bez akéhokoľvek hospodárskeho významu, Jedná sa o pôvodný druh ale oproti minulosti sú jeho počty značne preriedené. Po Európe je nosáľ široko rozšírený, no taktiež v menšom množstve ako kedysi. Bežné úlovky majú 20- 35 centimetrov, kapitálne kusy dorastajú až do cca 55- 60 centimetrov a hmotnosti okolo 3 kg. Nosáľ sťahovavý rastie pomerne pomaly, v treťom roku má dĺžku v priemere 12- 14 cm. Dožíva sa 8- 10 rokov, výnimočne max. 13.","The common nase (Chondrostoma nasus) is a European potamodromous cyprinid fish. It is often simply called the nase, but that can refer to any species of its genus Chondrostoma. Another name is sneep.",https://www.youtube.com/watch?v=aUtMZiRbhkE
ostriez,Ostriež zelenkavý,Perch,49.099057,21.098195,Torysa č.3 - Sabinov,"Ostriež zelenkavý je veľmi kontroverzne ponímaná ryba, jedny ho považujú za rybu plevelnú, pre iných je veľmi atraktívnou, bojovnou, ba i vyhľadávanou rybou. Ostriež je jedným z našich pôvodných druhov. Po svete je široko rozšírený, u nás v Európe sa nachádza takmer všade okrem niektorých škandinávskych krajín a krajín na juhu kontinentu. Zvyčajne úlovky ostrieža predstavujú kusy do 35 cm. Ostriež zelenkavý však môže dosiahnuť aj dĺžku okolo 55 cm a hmotnosť 3 kg. Rast ostriežov závisí predovšetkým na životnom prostredí, pri dostatku potravy rastú rýchlo, no pri jej deficite veľmi pomaly. Niekedy dokonca ani jedna rybka z hejna neprekročí dĺžku 20 cm. V našich podmienkach sa ostrieže zvyknú dožívať okolo 10 rokov, no extrémne dlhoveké ostrieže sa dožili aj 18- 20 rokov. S narastajúcim vekom prevažujú v populácii samice nad samcami. Čím je ostriež zelenkavý starší, tým je jeho telo výrazne vyššie.","Perch is a common name for fish of the genus Perca, freshwater gamefish belonging to the family Percidae. The perch, of which three species occur in different geographical areas, lend their name to a large order of vertebrates: the Perciformes, from the Greek: πέρκη (perke), simply meaning perch, and the Latin forma meaning shape. Many species of freshwater gamefish more or less resemble perch, but belong to different genera. In fact, the exclusively saltwater-dwelling red drum is often referred to as a red perch, though by definition perch are freshwater fish. Though many fish are referred to as perch as a common name, to be considered a true perch, the fish must be of the family Percidae.",https://www.youtube.com/watch?v=W4-STZIrxzo
pleskac_v,Pleskáč vysoký,Bream,48.878272,20.996064,Hnilec č.1 - Jaklovce,"Jedná sa o pôvodný druh na našom území, dnes je rozšírený takmer v celej Európe. Pleskáč vysoký dorastá do dĺžky 40- 50 cm, no najväčšie ulovené pleskáče dosahovali vyše 90 cm a hmotnosť okolo 7 kg. Rast pleskáča vo veľkej miere závisí na životných podmienkach, ideálne sú pre neho teplé rozľahlé vody s dostatkom potravy. V prípade, že sa pleskáč vysoký premnoží, môže začať vytvárať populácie zakrslých pleskáčikov, kedy ich dĺžka nepresiahne ani 30 centimetrov. Pleskáč vysoký sa môže dožiť slušného veku okolo 30 rokov, no to jedná sa o ojedinelé prípady, väčšinou sa dožije len zhruba polovicu. Jeho sfarbenie sa počas života mení, mladé kusy sú svetlejšej farby, postupom veku postupne tmavnú do typického šedožletého/ bronzového odtieňa.","The common bream, freshwater bream, bream, bronze bream,or carp bream(Abramis brama), is a European species of freshwater fish in the family Cyprinidae. It is now considered to be the only species in the genus Abramis. The common bream's home range is Europe north of the Alps and Pyrenees, as well as the Balkans. It is found as far as east as the Caspian Sea, the Black Sea, and the Aral Sea. The common bream lives in ponds, lakes, canals, and slow-flowing rivers.",https://www.youtube.com/watch?v=XlkhOkssHhk
pleskac_z,Pleskáč zelenkavý,Silver Bream,49.144518,20.979643,Štrkoviská Rožkovany,"Piest zelenkavý je hojnou rybou dolných tokov riek i veľkých stojatých vôd na celom našom území. Ide o nesmierne prispôsobivý druh, ktorý je schopný žiť v stojatej vode rovnako dobre ako vystupovať v letnom období do silno prúdiacich úsekov riek.","Blicca bjoerkna is distributed across most of Europe and in adjacent Western Asia. The natural distribution, though, excludes peripheral areas including northern Sweden, northern Finland and Norway, and most parts of the British Isles (except Southern England), as well as the Iberian and Italian peninsulas. Introduced populations occur also in Spain and Italy, for instance. The Asian distribution is in the Caspian Sea and Aral Sea basins and in Anatolian Black Sea drainages.",https://www.youtube.com/watch?v=dL7GCVi-9u4
ploska,Ploska pásavá,Spirlin,49.099057,21.098195,Torysa č.3 - Sabinov,"Ploska pásavá pruhovaná je drobná rybka uprednostňujúca menšie čisté toky lipeňového až mrenového pásma, v ktorých si vyberá plytké prúdiace úseky s tvrdým dnom. Občas sa vyskytuje i v stojatých vodách. Má vysoké nároky na obsah kyslíka vo vode a na čistotu prostredia. Preto na mnohých miestach pôvodného výskytu vymizla a dnes sa vyskytuje len miestami.","Alburnoides bipunctatus, known vernacularly as the schneider, spirlin, bleak, riffle minnow, and others, is a species of small (9-cm average length) freshwater fish in the family Cyprinidae. This fish inhabits rivers with very calm waters, and it eats dead insects and insect larvae, diatoms, and crustaceans. It reproduces during April to June.",https://www.youtube.com/watch?v=BH8G2KmmIkk
plotica,Plotica červenooká,Roach,48.878272,20.996064,Hnilec č.1 - Jaklovce,"Neexistuje snáď rybár, ktorý nikdy nechytil ploticu! Plotica červenooká je ryba veľmi bežná a početná, všeobecne sa jedná o najtypickejšieho zástupcu bielych rýb. Plotica červenooká je u nás pôvodným druhom a stále sa jej u nás celkom dobre darí. Typické úlovky plotíc majú dĺžku okolo 20 cm, no rekordné exempláre dosahujú aj pekných 50 centimetrov a hmotnosť 2 kg. Priemerná plotica červenooká sa dožívá slušného veku 18- 20 rokov.","The roach is a small fish, often reaching no more than about 35 centimetres (14 in); maximum length is 50 cm. Its body has a bluish-silvery colour and becomes white at the belly. The fins are red. The number of scales along the lateral line is 39–48. The dorsal and anal fins have 12–14 rays. Young specimens have a slender build; older specimens acquire a higher and broader body shape. The roach can often be recognized by the big red spot in the iris above and beside the pupil. Colours of the eye and fins can be very pale, however, in some environments.",https://www.youtube.com/watch?v=tL-ISiFFB8g
podustva,Podustva severná,Common Nase,49.099057,21.098195,Torysa č.3 - Sabinov,"Podustva severná sa nachádza v celkom slušnom množstve na území Slovenska a po svete je taktiež široko rozšírená. Napriek tomu treba podotknúť, že kedysi bola u nás výrazne početnejšia. Dnes sa uloví len 20 % z toho, čo sa ulovilo v 70- 80 tych rokoch. Pokles podustiev je zapríčinený ľudskými zásahmi do životného prostredia, budovaním umelých bariér, čo má za následok absenciu prirodzeného výteru, počty podustiev ďalej riedia kormorány a pytliaci, ktorí ich likvidujú počas neresu. Bežné úlovky podustiev majú dĺžku 25- 40 cm, no rekordné exempláre dosahujú aj 60 cm a hmotnosť vyše 2 kg. Podustava severná rastie pomaly, obe pohlavia zhruba rovnakým tempom. Priemerná trojročná podustva na Slovesku má cca 11- 18 cm, v desiatich rokoch má 26- 35 cm. Priemerná dĺžka života je 10- 12 rokov, výnimočne sa dožívajú do 20 rokov.","The nase has a spindle shaped physique, with a blue-grey metallic-coloured scales and orange tail. It has relatively sharp lower lip. Generally, the fish range from 25 to 40 centimetres in length, and weigh about 1000 grams. However, specimens have been recorded up to 60 long and 3 kg in weight. The maximum recorded life span of the fish is 15 years.",https://www.youtube.com/watch?v=p-TbcUGGJ3Y
pstruh_d,Pstruh dúhový,Rainbow Trout,49.099057,21.098195,Torysa č.3 - Sabinov,"Pstruh dúhový je nepôvodný druh, ktorý bol k nám privezený koncom 19. storočia. Dnes je rozšírený na všetkých svetových kontinentoch okrem Antarktídy. U nás je to ryba pomerne vysoko cenená, no v niektorých častiach sveta má negatívne vplyvy (najmä južná Európa, či Austrália)- vytláča pôvodné druhy, buď ich likviduje priamo alebo im preberá potravu. Pstruh dúhový dorastá do slušných rozmerov a pre športový rybolov je vyhľadávaný. Tieto ryby bojujú „ako draky"". Pstruh dúhový u nás zvyčajne dosahuje dĺžku 30- 50 cm, no dajú sa chytiť aj jedince okolo 70 cm s hmotnosťou 6- 8 kg. Medzinárodná rybárska asociácia IGFA považuje za rekord takmer 22 kilového pstruha dúhového, ktorého v roku 2009 ulovil Sean Konrad na brehu saskatchewanského Diefenbakerového jazera. Tempo rastu týchto rýb veľmi závisí od životného prostredia. Vo voľnej prírode je tempo rastu len o čosi vyššie ako u pstruha potočného, no pstruhy dúhové chované v zajatí, intenzívne kŕmené granulami rastú „ako z vody"".","The rainbow trout (Oncorhynchus mykiss) is a trout and species of salmonid native to cold-water tributaries of the Pacific Ocean in Asia and North America. The steelhead (sometimes called ""steelhead trout"") is an anadromous (sea-run) form of the coastal rainbow trout (O. m. irideus) or Columbia River redband trout (O. m. gairdneri) that usually returns to fresh water to spawn after living two to three years in the ocean. Freshwater forms that have been introduced into the Great Lakes and migrate into tributaries to spawn are also called steelhead.",https://www.youtube.com/watch?v=O_TJH7k_G2s
pstruh_p,Pstruh potočný,Brown Trout,49.099057,21.098195,Torysa č.3 - Sabinov,"Pstruh potočný je jedným z pôvodných druhov tunajších rýb. Podľa miesta výskytu pstruh vytvára mnohé varianty, ktoré sa často nápadne líšia tvarom tela i sfarbením. Je to vlastne zakrpatená forma pstruha morského, ktorý ostal na týchto lokalitách uväznený počas poslednej doby ľadovej a za veľa generácií sa úplne adaptoval na sladkovodné podmienky. Pstruh potočný je jedna z geografický najrozšírenejších rýb, nájdeme ho aj v Nórsku, Írsku, Rusku, Indii, Severnej Afrike, Južnej Amerike, či v Austrálii.","The brown trout (Salmo trutta) is a European species of salmonid fish that has been widely introduced into suitable environments globally. It includes purely freshwater populations, referred to as the riverine ecotype, Salmo trutta morpha fario, a lacustrine ecotype, S. trutta morpha lacustris, also called the lake trout, and anadromous forms known as the sea trout, S. trutta morpha trutta. The latter migrates to the oceans for much of its life and returns to fresh water only to spawn. Sea trout in Ireland and Britain have many regional names: sewin in Wales, finnock in Scotland, peal in the West Country, mort in North West England, and white trout in Ireland.",https://www.youtube.com/watch?v=rDBkTXZHPB4
sumec,Sumec veľký,Wels Catfish,48.884295,21.005375,VN Ružín,"Sumec veľký je jedným z pôvodných druhov našich vôd. Vyskytuje sa najmä v stojatých vodách, no výskyt v riekach a najmä tých väčších nie je žiadnou výnimkou. Je to ryba veľmi prispôsobivá, dokonca sa vyskytuje aj v poloslanej vode v oblasti ústia veľtokov.  Sumec nemá na životné prostredie skoro žiadne nároky, predovšetkým však musí mať dostatok potravy. Spolu s jeseterovými druhmi rýb patria k najväčším rybám v sladkovodných tokoch Európy. Sumec veľký dorastá do dĺžky vyše 2 metre, výnimočne však majú kapitálne úlovky (napr. na Dnepri) až 3 metre. Sumec môže dosahovať hmotnosť do  100 kg, do prvého roka života dosahuje dĺžku tela 15 – 20 centimetrov, dokonca druhého 30 – 40 a v treťom a štvrtom roku 50 až 80 centimetrov a hmotnosť 3 kilogramov. Dožíva sa priemerne okolo 20 rokov.","The wels catfish (Silurus glanis), also called sheatfish, is a large species of catfish native to wide areas of central, southern, and eastern Europe, in the basins of the Baltic, Black, and Caspian Seas. It has been introduced to Western Europe as a prized sport fish and is now found from the United Kingdom east to Kazakhstan and China and south to Greece and Turkey. It is a freshwater fish recognizable by its broad, flat head and wide mouth. Wels catfish can live for at least fifty years.",https://www.youtube.com/watch?v=r7SxZrGXYRQ
stuka,Šťuka severná,Northern Pike,49.144518,20.979643,Štrkoviská Rožkovany,"Šťuka severná žije v severných vodách Európy, Ázie a Severnej Ameriky. Nájdeme ju v celej Európe okrem Pyrenejského polostrova, južnej časti Talianska a časti Balkánskeho polostrova. Šťuka obýva aj vody v Ázii a v severnej Amerike. U nás je vo väčšine vôd. Dorastá až do vyše 1 metra, výnimočné sa chytajú šťuky až do 130, 140 cm s váhou okolo 30 kg. Šťuka severná rastie veľmi rýchlo, po vyliahnutí sa len krátky čas živí planktónom a už od veľkosti 15 mm je schopná loviť larvy vodného hmyzu. Keď dosiahne dĺžku zhruba 50 mm, začína sa živiť takmer výlučne rybami. Šťuka severná sa bežne označuje za kanibala. Môže byť kanibalom už od 21 mm; častejšie však až od 100 mm. Šťuka severná sa dožíva maximálne okolo 25 rokov.","The northern pike (Esox lucius) is a species of carnivorous fish of the genus Esox (the pikes). They are typical of brackish and fresh waters of the Northern Hemisphere (i.e. holarctic in distribution). They are known simply as a pike in Britain, Ireland, and most of Eastern Europe, Canada and the United States. Pike can grow to a relatively large size: the average length is about 40–55 cm (16–22 in), with maximum recorded lengths of up to 150 cm (59 in) and published weights of 28.4 kg (63 lb). The IGFA currently recognizes a 25 kg (55 lb) pike caught by Lothar Louis on Greffern Lake, Germany, on 16 October 1986, as the all-tackle world-record northern pike.",https://www.youtube.com/watch?v=WF2g5JvrOdk
uhor,Úhor európsky,European Eel,48.884295,21.005375,VN Ružín,"Jedná sa o pôvodný druh v našich vodách i keď sa počty úhorov o proti minulosti veľmi značne zredukovali. Ako napovedá jeho názov- úhor európsky- vyskytuje sa veľkej časti Európy, najmä na severe, no čím viac sa po mape posúvame na juh a na východ jeho výskyt sa zmenšuje. V našich vodách sú iba samice úhorov, pretože samce sa zdržujú v brakických vodách. Úhor európsky sa u nás vyskytuje v podstate iba tam, kde bol po dlhšiu dobu intenzívne vysadzovaný. Bežné úlovky sú v rozmedzí 50- 80 cm, no vyskytnú sa aj jedince okolo 1 m. Najväčšie ulovené úhory vôbec boli dlhé okolo 1,2- 1,5 m s hmotnosťou vyše 5 kg (rekordný kus vážil 6,599 kg). Treba si uvedomiť, že sa vždy stretávame iba s úlovkami samíc, kdežto nám vzdialené samce úhora dorastajú len do cca 50 cm.","The European eel (Anguilla anguilla) is a species of eel, a snake-like, catadromous fish. They are normally around 60–80 cm (2.0–2.6 ft) and rarely reach more than 1 m (3 ft 3 in), but can reach a length of up to 1.5 m (4 ft 11 in) in exceptional cases.Eels have been important sources of food both as adults (including the famous jellied eels of East London) and as glass eels. Glass-eel fishing using basket traps has been of significant economic value in many river estuaries on the western seaboard of Europe. While the species' lifespan in the wild has not been determined, captive specimens have lived over 80 years. A specimen known as ""the Brantevik Eel"" lived for 155 years in the well of a family home in Brantevik, a fishing village in southern Sweden.",https://www.youtube.com/watch?v=iS58Eb7hqkk
zubac,Zubáč veľkoústy,Zander,48.884295,21.005375,VN Ružín,"Zubáč veľkoústy je všeobecne pokladaný za hlbinnú rybu no nie je to pravda na 100%. Cez deň je v hlbinách s pokojnejšou vodou, najradšej pri členitom dne alebo prekážkach. K večeru a cez noc však vyráža do plytčín za rybkami, kde má najväčšiu šancu na ich ulovenie. Treba poznamenať, že väčšina najväčších zubáčov bola ulovená práve v hlbokých vodách. V stojatých vodách sa rád zdržiava v okolí potopených stromov a trstín.Zubáč sa vyhýba  bahnitým úsekom, v riekach ho hľadáme najmä pri brehoch. Malé zubáče sa živia najmä planktónom, mäkkýšmi a vodnými bezstavovcami, v dospelosti konzumuje najmä živé či mŕtve (menšie) rybky, nepohrdne ani slimákmi, či mušľami. Za veľmi úspešnú nástrahu na zubáča rybári považujú malé ostrieže. Zubáč veľkoústy žije v hejnách, teda ulovenie jedného zubáča väčšinou znamená predzvesť dobrej rybačky. Ako hlbinná ryba má zubáč dobre vyvinuté zmysly a bez problémov loví v tme, a teda aj v zakalenej vode. Nemá stálu techniku ako loví rybky, niekedy od chvosta, niekedy od hlavy.","The zander (Sander lucioperca), sander or pikeperch, is a species of ray-finned fish from the family Percidae, which includes the perches, ruffes and darters. It is found in freshwater and brackish habitats in western Eurasia. It is a popular game fish and has been introduced to a variety of localities outside its native range. It is the type species of the genus Sander.",https://www.youtube.com/watch?v=Y0SaZy5pDjo
asas